count,emp_no
3,10009
3,10066
3,10258
3,10451
3,10571
3,10612
3,10628
3,10634
3,11003
3,11027
3,11064
3,11106
3,11294
3,11322
3,11350
3,11371
3,11380
3,11543
3,11711
3,11760
3,11768
3,11951
3,12064
3,12069
3,12115
3,12206
3,12279
3,12387
3,12481
3,12498
3,12601
3,12626
3,12633
3,12995
3,13250
3,13251
3,13332
3,13444
3,13473
3,13535
3,13537
3,13579
3,13649
3,13675
3,13985
3,14226
3,14419
3,14482
3,14546
3,14580
3,14606
3,14632
3,14764
3,14960
3,14989
3,15088
3,15259
3,15324
3,15651
3,15753
3,15767
3,15867
3,15876
3,16046
3,16054
3,16077
3,16086
3,16204
3,16272
3,16411
3,16445
3,16599
3,16660
3,16737
3,16781
3,16810
3,16861
3,17070
3,17125
3,17389
3,17506
3,17527
3,17535
3,17672
3,17762
3,17816
3,17944
3,17950
3,18084
3,18287
3,18468
3,18654
3,18933
3,18980
3,19024
3,19029
3,19231
3,19322
3,19374
3,19406
3,19691
3,19961
3,20423
3,20460
3,20567
3,20571
3,21018
3,21206
3,21321
3,21393
3,21547
3,21548
3,21695
3,21733
3,21807
3,21908
3,22297
3,22399
3,22471
3,22481
3,22486
3,22528
3,22533
3,22768
3,23013
3,23048
3,23296
3,23326
3,23561
3,23699
3,23706
3,23714
3,23837
3,23969
3,24007
3,24072
3,24140
3,24313
3,24376
3,24378
3,24458
3,24560
3,24742
3,24782
3,24907
3,24991
3,25138
3,25155
3,25290
3,25348
3,25359
3,25429
3,25619
3,25875
3,25941
3,25945
3,26019
3,26165
3,26301
3,26307
3,26494
3,26846
3,26961
3,27027
3,27088
3,27096
3,27121
3,27227
3,27269
3,27400
3,27403
3,27598
3,27803
3,27868
3,27952
3,28057
3,28111
3,28119
3,28149
3,28227
3,28230
3,28459
3,28478
3,28631
3,28730
3,28798
3,28838
3,28982
3,29106
3,29423
3,29475
3,29484
3,29520
3,29661
3,29704
3,29707
3,29917
3,30156
3,30222
3,30294
3,30344
3,30359
3,30454
3,30493
3,30684
3,30856
3,30950
3,31009
3,31090
3,31157
3,31328
3,31404
3,31438
3,31538
3,31604
3,31688
3,31789
3,31799
3,31802
3,31851
3,31907
3,31922
3,32033
3,32053
3,32111
3,32155
3,32218
3,32440
3,32455
3,32507
3,32747
3,32787
3,32806
3,32845
3,32869
3,33018
3,33040
3,33109
3,33115
3,33132
3,33181
3,33213
3,33787
3,33818
3,33885
3,33903
3,33926
3,34040
3,34123
3,34231
3,34481
3,34510
3,34583
3,34749
3,34765
3,34892
3,34986
3,35043
3,35131
3,35226
3,35232
3,35241
3,35313
3,35438
3,35618
3,35715
3,35790
3,35982
3,36109
3,36122
3,36169
3,36245
3,36291
3,36303
3,36340
3,36343
3,36371
3,36666
3,36739
3,36760
3,36871
3,36872
3,37064
3,37074
3,37103
3,37120
3,37164
3,37184
3,37352
3,37413
3,37424
3,37441
3,37478
3,37567
3,37635
3,37664
3,37707
3,38018
3,38051
3,38092
3,38416
3,38503
3,38608
3,38665
3,38719
3,38756
3,38779
3,38823
3,38835
3,38879
3,39022
3,39024
3,39113
3,39167
3,39252
3,39343
3,39362
3,39389
3,39410
3,39501
3,39534
3,39587
3,39643
3,39787
3,39917
3,39974
3,40055
3,40068
3,40215
3,40244
3,40277
3,40321
3,40390
3,40440
3,40484
3,40502
3,40552
3,40835
3,41090
3,41151
3,41313
3,41388
3,41596
3,41686
3,41765
3,41802
3,41907
3,41983
3,42210
3,42222
3,42367
3,42834
3,42845
3,42952
3,43055
3,43152
3,43497
3,43509
3,43674
3,43682
3,43813
3,43816
3,43853
3,43923
3,43996
3,44058
3,44065
3,44229
3,44332
3,44357
3,44575
3,44659
3,44943
3,45008
3,45114
3,45168
3,45187
3,45318
3,45336
3,45355
3,45560
3,45606
3,45637
3,45640
3,45648
3,45788
3,46009
3,46226
3,46227
3,46252
3,46475
3,46684
3,46776
3,46820
3,46854
3,46951
3,47073
3,47094
3,47120
3,47224
3,47396
3,47420
3,47474
3,47499
3,47800
3,47817
3,47821
3,47823
3,47834
3,47931
3,47966
3,48028
3,48043
3,48145
3,48231
3,48243
3,48376
3,48405
3,48431
3,48515
3,48591
3,48671
3,48907
3,48997
3,49370
3,49383
3,49614
3,49760
3,49904
3,49911
3,49929
3,49988
3,50313
3,50593
3,50702
3,50740
3,50753
3,50754
3,50834
3,51084
3,51149
3,51166
3,51180
3,51374
3,51385
3,51724
3,51739
3,51746
3,51775
3,52026
3,52404
3,52478
3,52586
3,52732
3,52821
3,53172
3,53425
3,53471
3,53474
3,53592
3,53712
3,53719
3,53720
3,53999
3,54190
3,54360
3,54381
3,54385
3,54528
3,54628
3,54685
3,54830
3,54857
3,54858
3,54923
3,55181
3,55292
3,55332
3,55482
3,55735
3,55766
3,55816
3,55854
3,55914
3,55942
3,56109
3,56163
3,56187
3,56205
3,56444
3,56502
3,56626
3,56687
3,56691
3,56782
3,56839
3,56842
3,57071
3,57219
3,57327
3,57443
3,57494
3,57551
3,57644
3,57792
3,57796
3,57925
3,58030
3,58093
3,58125
3,58250
3,58400
3,58456
3,58596
3,58617
3,58796
3,59101
3,59220
3,59322
3,59385
3,59488
3,59595
3,59599
3,59614
3,59893
3,60037
3,60711
3,60911
3,60994
3,61197
3,61204
3,61336
3,61397
3,61509
3,61722
3,61748
3,61782
3,62040
3,62183
3,62283
3,62315
3,62427
3,62764
3,62875
3,63044
3,63241
3,63296
3,63399
3,63625
3,63659
3,63857
3,63946
3,64129
3,64130
3,64177
3,64278
3,64385
3,64418
3,64510
3,64545
3,64651
3,64657
3,64833
3,64843
3,65079
3,65203
3,65265
3,65326
3,65349
3,65473
3,65524
3,65605
3,65659
3,65739
3,65745
3,65873
3,66071
3,66202
3,66226
3,66316
3,66345
3,66369
3,66372
3,66432
3,66558
3,66823
3,66869
3,66921
3,66927
3,66999
3,67037
3,67378
3,67477
3,67551
3,67581
3,67855
3,67967
3,68063
3,68068
3,68111
3,68125
3,68233
3,68480
3,68589
3,68624
3,68663
3,68673
3,68798
3,68818
3,68848
3,68923
3,68964
3,69209
3,69249
3,69309
3,69390
3,69434
3,69510
3,69690
3,69696
3,69697
3,69835
3,69966
3,70073
3,70236
3,70238
3,70465
3,70530
3,70552
3,70612
3,70919
3,70956
3,70981
3,71000
3,71112
3,71164
3,71345
3,71419
3,71872
3,71901
3,72095
3,72164
3,72213
3,72291
3,72481
3,72905
3,72923
3,73072
3,73099
3,73161
3,73182
3,73222
3,73289
3,73470
3,73501
3,73539
3,73671
3,73872
3,73880
3,74002
3,74058
3,74233
3,74234
3,74260
3,74414
3,74600
3,74632
3,74687
3,74699
3,74800
3,74874
3,74922
3,75303
3,75343
3,75415
3,75504
3,75567
3,75643
3,75685
3,75873
3,75931
3,76022
3,76067
3,76153
3,76265
3,76529
3,76862
3,77034
3,77245
3,77271
3,77342
3,77489
3,77669
3,77810
3,77988
3,78007
3,78174
3,78201
3,78231
3,78345
3,78652
3,78779
3,78876
3,78881
3,78922
3,78925
3,78940
3,79003
3,79009
3,79111
3,79312
3,79366
3,79567
3,79709
3,79743
3,79790
3,79913
3,79992
3,79997
3,80056
3,80092
3,80219
3,80233
3,80268
3,80456
3,80650
3,80790
3,80849
3,80872
3,80932
3,80998
3,81003
3,81068
3,81126
3,81179
3,81180
3,81369
3,81376
3,81470
3,81593
3,81630
3,81650
3,81666
3,81904
3,82048
3,82336
3,82356
3,82388
3,82661
3,82835
3,83015
3,83106
3,83432
3,83580
3,83584
3,83822
3,83906
3,83934
3,83939
3,83954
3,84034
3,84341
3,84346
3,84707
3,85168
3,85237
3,85295
3,85377
3,85380
3,85409
3,85511
3,85609
3,85750
3,85814
3,86053
3,86097
3,86145
3,86232
3,86311
3,86316
3,86446
3,86690
3,86828
3,86894
3,86961
3,86991
3,87034
3,87043
3,87297
3,87333
3,87349
3,87448
3,87483
3,87504
3,87826
3,87866
3,88143
3,88227
3,88312
3,88346
3,88431
3,88509
3,88830
3,89006
3,89043
3,89078
3,89204
3,89209
3,89214
3,89376
3,89384
3,89430
3,89444
3,89456
3,89461
3,89522
3,89697
3,89744
3,89814
3,89955
3,90054
3,90061
3,90370
3,90668
3,90708
3,90770
3,90778
3,90963
3,90972
3,90999
3,91103
3,91204
3,91270
3,91404
3,91410
3,91661
3,91793
3,91858
3,92016
3,92117
3,92267
3,92276
3,92632
3,92645
3,92667
3,92770
3,92819
3,92927
3,92964
3,92983
3,93008
3,93089
3,93126
3,93287
3,93295
3,93349
3,93675
3,93712
3,93727
3,93779
3,94017
3,94083
3,94094
3,94138
3,94179
3,94183
3,94418
3,94510
3,94523
3,94557
3,94582
3,94625
3,94704
3,94878
3,94883
3,94925
3,94980
3,95003
3,95076
3,95087
3,95147
3,95182
3,95200
3,95553
3,95587
3,95647
3,95860
3,96019
3,96244
3,96321
3,96402
3,96413
3,96444
3,96599
3,96610
3,96656
3,96728
3,96789
3,97168
3,97210
3,97355
3,97361
3,97605
3,97752
3,97763
3,97811
3,97827
3,98103
3,98112
3,98162
3,98171
3,98191
3,98200
3,98231
3,98445
3,98611
3,98687
3,98730
3,98770
3,98779
3,98783
3,98870
3,99020
3,99062
3,99242
3,99539
3,99593
3,99690
3,99734
3,99804
3,99980
3,100148
3,100358
3,100438
3,100463
3,100516
3,100587
3,100589
3,100676
3,100920
3,100960
3,100964
3,100979
3,101036
3,101081
3,101145
3,101160
3,101317
3,101492
3,101506
3,101645
3,102096
3,102238
3,102320
3,102368
3,102929
3,102937
3,102984
3,103136
3,103242
3,103326
3,103377
3,103610
3,103659
3,103775
3,103876
3,103889
3,103938
3,103939
3,104000
3,104037
3,104042
3,104112
3,104177
3,104179
3,104368
3,104409
3,104621
3,104630
3,104749
3,105014
3,105095
3,105238
3,105374
3,105460
3,105471
3,105515
3,105782
3,105786
3,105796
3,105970
3,106061
3,106113
3,106137
3,106206
3,106407
3,106439
3,106582
3,106603
3,106645
3,106847
3,106931
3,106977
3,106981
3,106994
3,107030
3,107105
3,107177
3,107210
3,107249
3,107425
3,107800
3,107825
3,107829
3,107953
3,108224
3,108265
3,108348
3,108777
3,108841
3,108996
3,109010
3,109203
3,109251
3,109440
3,109694
3,109931
3,109954
3,109968
3,110344
3,110386
3,110765
3,110800
3,111784
3,111877
3,200001
3,200051
3,200313
3,200501
3,200555
3,200781
3,200973
3,201069
3,201143
3,201148
3,201207
3,201339
3,201381
3,201715
3,201832
3,201898
3,202064
3,202145
3,202172
3,202179
3,202217
3,202305
3,202496
3,202536
3,202561
3,202595
3,202645
3,202686
3,202750
3,202778
3,203013
3,203043
3,203318
3,203453
3,203517
3,203780
3,203827
3,203855
3,203898
3,203988
3,204017
3,204120
3,204224
3,204226
3,204354
3,204408
3,204560
3,204593
3,204628
3,204645
3,204659
3,204744
3,204747
3,204763
3,204810
3,204825
3,204877
3,204957
3,204961
3,205178
3,205266
3,205372
3,205397
3,205451
3,205483
3,205528
3,205876
3,205924
3,206311
3,206384
3,206388
3,206505
3,206573
3,206669
3,206945
3,206970
3,207190
3,207208
3,207676
3,207783
3,207789
3,207917
3,208005
3,208192
3,208256
3,208343
3,208814
3,208877
3,208932
3,208945
3,208947
3,208995
3,209023
3,209033
3,209076
3,209081
3,209163
3,209179
3,209195
3,209251
3,209322
3,209337
3,209498
3,209751
3,209878
3,209981
3,209997
3,210112
3,210114
3,210229
3,210433
3,210667
3,210795
3,211116
3,211307
3,211466
3,211624
3,211689
3,211695
3,211833
3,211914
3,212019
3,212351
3,212499
3,212527
3,212561
3,212597
3,212624
3,212653
3,212690
3,212748
3,212919
3,212988
3,213048
3,213263
3,213310
3,213354
3,213367
3,213488
3,213534
3,213600
3,213637
3,213720
3,213789
3,213869
3,214025
3,214256
3,214344
3,214362
3,214432
3,214477
3,214602
3,214788
3,214921
3,214954
3,215008
3,215048
3,215562
3,215744
3,215747
3,215828
3,215944
3,215953
3,215966
3,216045
3,216108
3,216231
3,216238
3,216286
3,216568
3,216611
3,216643
3,216782
3,216786
3,216817
3,216860
3,216967
3,217035
3,217062
3,217081
3,217112
3,217294
3,217299
3,217419
3,217512
3,217544
3,217760
3,217870
3,217895
3,217979
3,218018
3,218241
3,218244
3,218329
3,218399
3,218468
3,218598
3,218652
3,218675
3,218848
3,218936
3,218962
3,219007
3,219108
3,219149
3,219314
3,219407
3,219431
3,219452
3,219611
3,219731
3,219769
3,219920
3,219989
3,220090
3,220444
3,220723
3,220735
3,220874
3,221220
3,221390
3,221398
3,221410
3,221600
3,221635
3,221754
3,221801
3,221851
3,222060
3,222159
3,222271
3,222316
3,222339
3,222550
3,222575
3,222820
3,222910
3,222914
3,223397
3,223406
3,223487
3,223565
3,223597
3,223819
3,223927
3,223963
3,223970
3,224199
3,224288
3,224315
3,224440
3,224686
3,224688
3,224740
3,224837
3,224920
3,225358
3,225382
3,225407
3,225575
3,225589
3,225685
3,225719
3,225759
3,225896
3,225995
3,226060
3,226065
3,226075
3,226321
3,226526
3,226533
3,226693
3,226703
3,226802
3,226843
3,227004
3,227713
3,227788
3,227851
3,228137
3,228285
3,228325
3,228443
3,228703
3,228885
3,228886
3,228933
3,228947
3,228973
3,228974
3,229049
3,229344
3,229522
3,229619
3,229722
3,229879
3,229999
3,230155
3,230358
3,230441
3,230468
3,230703
3,230704
3,230837
3,230855
3,230895
3,230983
3,231052
3,231233
3,231386
3,231670
3,231812
3,231848
3,231895
3,232004
3,232138
3,232223
3,232288
3,232554
3,232609
3,232637
3,232655
3,232661
3,232745
3,232793
3,233010
3,233040
3,233143
3,233147
3,233356
3,233451
3,233497
3,233572
3,233647
3,233721
3,233733
3,233783
3,233850
3,233853
3,234148
3,234347
3,234366
3,234602
3,234638
3,234640
3,234662
3,234862
3,235183
3,235246
3,235267
3,235295
3,235589
3,235649
3,235779
3,235814
3,236019
3,236084
3,236091
3,236146
3,236190
3,236203
3,236308
3,236328
3,236329
3,236441
3,236599
3,236619
3,236856
3,236906
3,237026
3,237088
3,237193
3,237263
3,237395
3,237417
3,237577
3,237641
3,237806
3,237831
3,237971
3,238245
3,238288
3,238444
3,238500
3,239049
3,239070
3,239094
3,239163
3,239213
3,239378
3,239443
3,239461
3,239556
3,239578
3,239642
3,239714
3,239957
3,239991
3,240082
3,240083
3,240102
3,240164
3,240296
3,240344
3,240410
3,240440
3,241059
3,241345
3,241457
3,241503
3,241752
3,241801
3,241833
3,242061
3,242099
3,242192
3,242250
3,242277
3,242429
3,242487
3,242677
3,242678
3,242873
3,243005
3,243114
3,243254
3,243493
3,243623
3,243730
3,243806
3,244000
3,244045
3,244068
3,244187
3,244229
3,244409
3,244654
3,244664
3,244760
3,244826
3,244874
3,245028
3,245071
3,245145
3,245168
3,245218
3,245384
3,245458
3,245540
3,245642
3,245911
3,246029
3,246056
3,246293
3,246314
3,246354
3,246654
3,246687
3,246779
3,247115
3,247184
3,247283
3,247318
3,247338
3,247391
3,247400
3,247510
3,247853
3,247919
3,248129
3,248154
3,248258
3,248403
3,248554
3,248578
3,249121
3,249237
3,249330
3,249334
3,249417
3,249604
3,249769
3,249780
3,249915
3,249924
3,250036
3,250129
3,250272
3,250300
3,250534
3,250735
3,250784
3,250828
3,250918
3,250934
3,251108
3,251434
3,251629
3,251657
3,251978
3,252028
3,252224
3,252320
3,252377
3,252383
3,252419
3,252543
3,252645
3,252680
3,252758
3,253006
3,253047
3,253359
3,253471
3,253559
3,254377
3,254419
3,254625
3,254914
3,254969
3,255018
3,255202
3,255362
3,255438
3,255446
3,255601
3,255669
3,255723
3,255827
3,255883
3,255989
3,256207
3,256222
3,256298
3,256310
3,256611
3,256739
3,256821
3,256823
3,256969
3,257052
3,257097
3,257441
3,257541
3,257580
3,257616
3,257634
3,257781
3,257793
3,257850
3,257868
3,257888
3,257988
3,258114
3,258139
3,258140
3,258322
3,258605
3,258669
3,258861
3,258915
3,258944
3,258965
3,258978
3,259080
3,259117
3,259217
3,259329
3,259429
3,259457
3,259613
3,259689
3,259787
3,260032
3,260233
3,260289
3,260427
3,260436
3,260461
3,260495
3,260529
3,260751
3,260810
3,260859
3,260936
3,260961
3,261043
3,261481
3,261655
3,261710
3,261841
3,261925
3,262021
3,262071
3,262081
3,262210
3,262218
3,262229
3,262281
3,262380
3,262396
3,262424
3,262553
3,262566
3,262623
3,262632
3,262840
3,262842
3,263251
3,263301
3,263437
3,263448
3,263468
3,263519
3,263555
3,263704
3,263768
3,263925
3,263930
3,264311
3,264363
3,264395
3,264415
3,264446
3,264556
3,264662
3,264674
3,264696
3,264720
3,264805
3,264807
3,264848
3,265000
3,265121
3,265140
3,265159
3,265325
3,265358
3,265490
3,265688
3,265734
3,265777
3,265894
3,266297
3,266589
3,266628
3,266648
3,266773
3,266779
3,266857
3,267030
3,267179
3,267180
3,267226
3,267252
3,267281
3,267387
3,267425
3,267529
3,267748
3,268139
3,268259
3,268332
3,268472
3,268624
3,268636
3,268888
3,269031
3,269188
3,269235
3,269282
3,269399
3,269552
3,269759
3,269800
3,269865
3,269889
3,270126
3,270193
3,270298
3,270314
3,270316
3,270402
3,270416
3,270482
3,270494
3,270611
3,270769
3,270791
3,270825
3,270835
3,270853
3,270954
3,270992
3,271118
3,271210
3,271214
3,271325
3,271376
3,271622
3,271953
3,271968
3,272281
3,272403
3,272551
3,272680
3,272875
3,272967
3,273055
3,273224
3,273276
3,273348
3,273352
3,273398
3,273910
3,273935
3,273957
3,274044
3,274103
3,274179
3,274200
3,274281
3,274463
3,274666
3,274729
3,274900
3,275071
3,275280
3,275366
3,275417
3,275541
3,275631
3,275774
3,275811
3,275831
3,276050
3,276195
3,276327
3,276683
3,276694
3,276751
3,277156
3,277309
3,277320
3,277353
3,277449
3,277459
3,277524
3,277546
3,277583
3,277830
3,277892
3,278104
3,278189
3,278744
3,278828
3,278853
3,278906
3,278940
3,278962
3,279300
3,279366
3,279504
3,279552
3,279749
3,279753
3,279801
3,279821
3,279970
3,280053
3,280118
3,280133
3,280165
3,280168
3,280228
3,280238
3,280273
3,280371
3,280414
3,280430
3,280615
3,280698
3,280810
3,280928
3,280944
3,281084
3,281097
3,281179
3,281213
3,281233
3,281525
3,281538
3,281557
3,281587
3,281732
3,281778
3,281903
3,282000
3,282089
3,282153
3,282309
3,282481
3,282508
3,282713
3,282971
3,283024
3,283115
3,283235
3,283313
3,283415
3,283441
3,283517
3,283592
3,283855
3,283935
3,284010
3,284056
3,284124
3,284164
3,284197
3,284493
3,284504
3,284559
3,284783
3,284816
3,284846
3,284874
3,284948
3,285328
3,285376
3,285572
3,285879
3,285881
3,286082
3,286174
3,286234
3,286260
3,286363
3,286401
3,286515
3,286831
3,286833
3,286847
3,286998
3,287063
3,287077
3,287111
3,287130
3,287191
3,287197
3,287271
3,287282
3,287421
3,287448
3,287558
3,287609
3,287703
3,287809
3,287869
3,287877
3,288021
3,288164
3,288451
3,288456
3,288549
3,288721
3,288975
3,289298
3,289370
3,289380
3,289497
3,289546
3,289573
3,289579
3,289701
3,289713
3,289746
3,289875
3,290049
3,290153
3,290158
3,290245
3,290251
3,290388
3,290536
3,290616
3,290632
3,290766
3,290773
3,290836
3,290854
3,290919
3,290987
3,291039
3,291041
3,291188
3,291324
3,291332
3,291556
3,291582
3,291638
3,291756
3,291796
3,292062
3,292119
3,292232
3,292301
3,292351
3,292356
3,292494
3,292524
3,292586
3,292800
3,292807
3,293032
3,293213
3,293227
3,293240
3,293279
3,293369
3,293627
3,293678
3,293718
3,293719
3,293901
3,293983
3,294158
3,294184
3,294282
3,294299
3,294318
3,294386
3,294404
3,294659
3,294758
3,294778
3,295013
3,295278
3,295359
3,295507
3,295539
3,295689
3,295804
3,295843
3,295865
3,295938
3,296030
3,296053
3,296154
3,296186
3,296237
3,296340
3,296361
3,296385
3,296544
3,296599
3,296620
3,296708
3,297015
3,297034
3,297234
3,297286
3,297538
3,297609
3,298039
3,298173
3,298190
3,298960
3,299000
3,299061
3,299086
3,299091
3,299226
3,299268
3,299270
3,299327
3,299534
3,299831
3,299867
3,299919
3,400079
3,400171
3,400449
3,400678
3,400756
3,400936
3,401014
3,401024
3,401277
3,401301
3,401351
3,401408
3,401449
3,401557
3,401599
3,401643
3,401720
3,401785
3,401802
3,401824
3,401843
3,401848
3,401968
3,401994
3,402017
3,402058
3,402100
3,402159
3,402226
3,402246
3,402427
3,402545
3,402608
3,402695
3,402781
3,402969
3,403127
3,403307
3,403625
3,403789
3,403793
3,403821
3,404346
3,404384
3,404433
3,404439
3,404476
3,404602
3,404712
3,404817
3,405098
3,405121
3,405215
3,405366
3,405431
3,405917
3,405958
3,406085
3,406111
3,406123
3,406325
3,406336
3,406380
3,406724
3,406737
3,406792
3,406820
3,406883
3,406993
3,407004
3,407100
3,407168
3,407345
3,407630
3,407703
3,407745
3,407869
3,407893
3,407970
3,408019
3,408097
3,408325
3,408587
3,408617
3,408934
3,409058
3,409184
3,409369
3,409413
3,409437
3,409532
3,409598
3,409694
3,409738
3,409784
3,409876
3,409987
3,410029
3,410051
3,410201
3,410203
3,410244
3,410311
3,410538
3,410576
3,410747
3,410776
3,410930
3,411004
3,411153
3,411165
3,411168
3,411179
3,411281
3,411310
3,411371
3,411415
3,411424
3,411445
3,411484
3,411541
3,411553
3,411851
3,411897
3,412109
3,412292
3,412345
3,412368
3,412516
3,412576
3,412668
3,412830
3,412864
3,413016
3,413135
3,413140
3,413209
3,413212
3,413273
3,413332
3,413338
3,413566
3,413858
3,413911
3,413971
3,414467
3,414472
3,414646
3,414747
3,414871
3,414908
3,414935
3,415006
3,415013
3,415055
3,415087
3,415245
3,415296
3,415320
3,415489
3,415602
3,415657
3,415727
3,415791
3,415804
3,415848
3,415851
3,415904
3,415924
3,415994
3,416006
3,416096
3,416206
3,416398
3,416446
3,416567
3,416660
3,416674
3,416687
3,416703
3,416714
3,416825
3,416964
3,416979
3,417037
3,417181
3,417277
3,417407
3,417415
3,417436
3,417488
3,417495
3,417547
3,417555
3,417623
3,417719
3,417751
3,417839
3,417858
3,417927
3,417954
3,418004
3,418110
3,418199
3,418334
3,418386
3,418387
3,418659
3,418712
3,418766
3,418792
3,418910
3,419017
3,419062
3,419145
3,419151
3,419161
3,419324
3,419413
3,419643
3,419654
3,419726
3,419766
3,419776
3,419789
3,419962
3,420264
3,420459
3,420769
3,420844
3,420855
3,420904
3,421036
3,421071
3,421123
3,421132
3,421199
3,421252
3,421358
3,421436
3,421552
3,421577
3,421583
3,421636
3,421712
3,421755
3,421898
3,422030
3,422304
3,422325
3,422340
3,422399
3,422423
3,422519
3,422756
3,422775
3,422796
3,422925
3,422980
3,423071
3,423084
3,423184
3,423267
3,423272
3,423305
3,423813
3,423893
3,423976
3,424163
3,424306
3,424331
3,424334
3,424406
3,424414
3,424576
3,424587
3,424684
3,424779
3,424783
3,424807
3,425137
3,425355
3,425357
3,425691
3,425833
3,426000
3,426054
3,426326
3,426353
3,426384
3,426509
3,426571
3,426581
3,426826
3,426887
3,427063
3,427175
3,427177
3,427244
3,427334
3,427378
3,427383
3,427432
3,427466
3,427627
3,427657
3,427665
3,427918
3,427960
3,428319
3,428355
3,428471
3,428497
3,428616
3,428620
3,428644
3,428674
3,428777
3,428917
3,429042
3,429219
3,429358
3,429401
3,429526
3,429623
3,429702
3,429741
3,429818
3,429855
3,430115
3,430265
3,430392
3,430416
3,430693
3,430697
3,431115
3,431495
3,431510
3,431556
3,431691
3,431732
3,431781
3,431796
3,431836
3,431880
3,431904
3,431978
3,432204
3,432256
3,432321
3,432352
3,432390
3,432394
3,432402
3,432421
3,432472
3,432506
3,432576
3,432792
3,432803
3,432843
3,432862
3,432891
3,432915
3,432957
3,433311
3,433396
3,433453
3,433757
3,433809
3,433848
3,433858
3,433880
3,433947
3,434091
3,434395
3,434802
3,434989
3,435006
3,435030
3,435250
3,435320
3,435394
3,435598
3,435626
3,435737
3,435865
3,435959
3,436002
3,436073
3,436131
3,436209
3,436314
3,436318
3,436410
3,436566
3,436574
3,436678
3,436694
3,436725
3,436839
3,437166
3,437421
3,437539
3,437816
3,437846
3,437904
3,437964
3,437971
3,438270
3,438387
3,438497
3,438508
3,438536
3,438544
3,438585
3,438601
3,438764
3,438918
3,439013
3,439016
3,439115
3,439289
3,439310
3,439381
3,439404
3,439594
3,439704
3,439798
3,439822
3,439880
3,439998
3,440116
3,440123
3,440183
3,440250
3,440290
3,440600
3,440612
3,440712
3,440729
3,440812
3,441131
3,441368
3,441465
3,441540
3,441708
3,441754
3,441924
3,441925
3,442117
3,442243
3,442344
3,442378
3,442383
3,442563
3,442577
3,442719
3,442735
3,442756
3,442886
3,443079
3,443098
3,443152
3,443179
3,443226
3,443250
3,443287
3,443374
3,443506
3,443542
3,443592
3,443757
3,443938
3,443947
3,444086
3,444106
3,444198
3,444204
3,444418
3,444505
3,444506
3,444554
3,444566
3,444641
3,444957
3,445015
3,445109
3,445194
3,445196
3,445214
3,445245
3,445292
3,445347
3,445424
3,445439
3,445534
3,445813
3,445968
3,446094
3,446115
3,446157
3,446200
3,446211
3,446255
3,446263
3,446639
3,446648
3,446687
3,446729
3,446816
3,447087
3,447216
3,447300
3,447357
3,447373
3,447418
3,447452
3,447512
3,447623
3,447661
3,447718
3,447727
3,447737
3,447741
3,447921
3,447933
3,447977
3,447988
3,448188
3,448236
3,448269
3,448302
3,448480
3,448632
3,448691
3,448887
3,448982
3,449029
3,449313
3,449387
3,449662
3,449722
3,449738
3,449912
3,450110
3,450123
3,450180
3,450198
3,450217
3,450247
3,450306
3,450428
3,450732
3,450858
3,451113
3,451205
3,451208
3,451229
3,451485
3,451520
3,451744
3,451881
3,452018
3,452121
3,452184
3,452348
3,452524
3,452838
3,452953
3,453180
3,453214
3,453241
3,453360
3,453480
3,453575
3,453595
3,453737
3,453832
3,453993
3,454143
3,454636
3,454914
3,454987
3,454997
3,455060
3,455098
3,455142
3,455149
3,455209
3,455258
3,455264
3,455672
3,455793
3,455823
3,455831
3,456041
3,456089
3,456183
3,456246
3,456362
3,456374
3,456383
3,456584
3,456646
3,456862
3,456906
3,457027
3,457054
3,457066
3,457081
3,457338
3,457454
3,457468
3,457538
3,457551
3,457677
3,457771
3,457939
3,457977
3,458058
3,458235
3,458238
3,458362
3,458398
3,458508
3,458683
3,458685
3,458816
3,458825
3,459000
3,459061
3,459065
3,459323
3,459396
3,459890
3,459986
3,460085
3,460242
3,460274
3,460305
3,460323
3,460367
3,460984
3,461022
3,461027
3,461045
3,461096
3,461106
3,461136
3,461373
3,461711
3,461755
3,461870
3,461871
3,461936
3,462388
3,462403
3,462505
3,462592
3,462622
3,462762
3,462804
3,462973
3,463081
3,463181
3,463406
3,463444
3,463524
3,463582
3,463678
3,463687
3,463900
3,463978
3,464114
3,464290
3,464332
3,464333
3,464375
3,464400
3,464451
3,464541
3,464606
3,465000
3,465246
3,465342
3,465561
3,465613
3,465660
3,465684
3,465832
3,466011
3,466134
3,466166
3,466332
3,466474
3,466784
3,466883
3,467208
3,467357
3,467421
3,467443
3,467472
3,467522
3,467546
3,467621
3,468043
3,468133
3,468160
3,468274
3,468333
3,468436
3,468449
3,468468
3,468587
3,468672
3,468860
3,468940
3,469122
3,469238
3,469344
3,469462
3,469704
3,469999
3,470448
3,470568
3,470681
3,470696
3,470749
3,470820
3,470992
3,471017
3,471022
3,471132
3,471188
3,471340
3,471391
3,471511
3,471735
3,471787
3,471942
3,472020
3,472036
3,472066
3,472096
3,472151
3,472427
3,472500
3,472529
3,472732
3,472825
3,473336
3,473571
3,473602
3,473928
3,473949
3,473968
3,474098
3,474119
3,474376
3,474701
3,474778
3,474788
3,474867
3,474891
3,474932
3,474954
3,474983
3,475039
3,475193
3,475280
3,475307
3,475394
3,475599
3,475694
3,475736
3,475799
3,475817
3,475946
3,476034
3,476114
3,476301
3,476599
3,476690
3,476793
3,477013
3,477103
3,477186
3,477413
3,477645
3,477698
3,477874
3,477911
3,477985
3,478046
3,478191
3,478410
3,478555
3,478687
3,478856
3,478955
3,479407
3,479432
3,479502
3,479669
3,479773
3,479902
3,480125
3,480292
3,480427
3,480438
3,480463
3,480584
3,480645
3,481152
3,481588
3,481616
3,481652
3,481677
3,481684
3,481806
3,481872
3,482138
3,482195
3,482216
3,482415
3,482462
3,482609
3,482614
3,482835
3,482866
3,482885
3,482903
3,483040
3,483102
3,483338
3,483381
3,483443
3,483449
3,483545
3,483760
3,483808
3,483814
3,483839
3,483856
3,483885
3,483923
3,484030
3,484132
3,484447
3,484617
3,484858
3,484865
3,485341
3,485489
3,485491
3,485499
3,485566
3,485846
3,485901
3,485905
3,485960
3,486106
3,486127
3,486671
3,486690
3,486707
3,486885
3,486940
3,487095
3,487148
3,487207
3,487376
3,487557
3,487633
3,487659
3,487744
3,487849
3,487863
3,487966
3,488026
3,488057
3,488177
3,488180
3,488251
3,488300
3,488338
3,488339
3,488419
3,488642
3,488748
3,488844
3,488931
3,489228
3,489378
3,489671
3,489674
3,489780
3,489782
3,489892
3,489909
3,489931
3,489966
3,490179
3,490229
3,490344
3,490354
3,490401
3,490605
3,490632
3,490659
3,490766
3,490948
3,490995
3,491050
3,491058
3,491072
3,491286
3,491309
3,491310
3,491449
3,491547
3,491570
3,491663
3,491675
3,491774
3,491834
3,491839
3,492176
3,492428
3,492717
3,492729
3,492736
3,492793
3,492937
3,493130
3,493136
3,493448
3,493550
3,493650
3,493695
3,494219
3,494301
3,494327
3,494427
3,494443
3,494473
3,494483
3,494933
3,494969
3,495034
3,495051
3,495190
3,495364
3,495421
3,495428
3,495502
3,495600
3,495705
3,495749
3,495804
3,495905
3,495917
3,495925
3,496108
3,496261
3,496398
3,496462
3,496721
3,496834
3,496899
3,496957
3,497081
3,497230
3,497431
3,497447
3,497505
3,497559
3,497787
3,498118
3,498131
3,498433
3,498482
3,498551
3,498648
3,498888
3,498895
3,498978
3,498981
3,499013
3,499014
3,499169
3,499261
3,499360
3,499375
3,499548
3,499617
3,499666
